0,"Santana, Ervin"
1,"Drabek, Kyle"
2,"Dotel, Octavio"
3,"Purcey, David"
4,"Camp, Shawn"
5,"Rodney, Fernando"
6,"Rauch, Jon"
7,"Palmer, Matt"
8,"Cecil, Brett"
9,"Thompson, Rich"
10,"Villanueva, Carlos"
11,"Jepsen, Kevin"
12,"Takahashi, Hisanori"
13,"Rzepczynski, Marc"
14,"Walden, Jordan"
15,"Kohn, Michael"
16,"Frasor, Jason"
17,"Bulger, Jason"
18,"Haren, Dan"
19,"Weaver, Jered"
20,"Reyes, Jo-Jo"
21,"Richmond, Scott"
22,"Chatwood, Tyler"
23,"Talbot, Mitch"
24,"Rodriguez, Francisco"
25,"Downs, Scott"
26,"Pestano, Vinnie"
27,"Carmona, Fausto"
28,"Herrmann, Frank"
29,"Carrasco, Carlos"
30,"Sipp, Tony"
31,"Perez, Chris"
32,"Durbin, Chad"
33,"Beckett, Josh"
34,"Bard, Daniel"
35,"Jenks, Bobby"
36,"Papelbon, Jonathan"
37,"Lester, Jon"
38,"Albers, Matt"
39,"Bell, Trevor"
40,"Matsuzaka, Daisuke"
41,"Lackey, John"
42,"Wheeler, Dan"
43,"Gonzalez, Gio"
44,"Wuertz, Michael"
45,"Blevins, Jerry"
46,"McCarthy, Brandon"
47,"Ziegler, Brad"
48,"Breslow, Craig"
49,"Ross, Tyson"
50,"Balfour, Grant"
51,"Fuentes, Brian"
52,"Masterson, Justin"
53,"Perez, Rafael"
54,"Smith, Joe"
55,"Germano, Justin"
56,"White, Alex"
57,"Jackson, Edwin"
58,"Sale, Chris"
59,"Ohman, Will"
60,"Pineiro, Joel"
61,"Danks, John"
62,"Gray, Jeff"
63,"Peavy, Jake"
64,"Crain, Jesse"
65,"Santos, Sergio"
66,"Thornton, Matt"
67,"Hudson, Tim"
68,"Martinez, Cristhian"
69,"Valdez, Luis"
70,"Hanson, Tommy"
71,"O'Flaherty, Eric"
72,"Venters, Jonny"
73,"Sherrill, George"
74,"Proctor, Scott"
75,"Kimbrel, Craig"
76,"Lowe, Derek"
77,"Linebrink, Scott"
78,"Outman, Josh"
79,"Moscoso, Guillermo"
80,"Devine, Joey"
81,"Cahill, Trevor"
82,"Anderson, Brett"
83,"Nova, Ivan"
84,"Robertson, David"
85,"Logan, Boone"
86,"Ayala, Luis"
87,"Sabathia, CC"
88,"Rivera, Mariano"
89,"Colon, Bartolo"
90,"Chamberlain, Joba"
91,"Price, David"
92,"Ramos, Cesar"
93,"Farnsworth, Kyle"
94,"Cobb, Alex"
95,"Howell, J.P."
96,"Peralta, Joel"
97,"Shields, James"
98,"Cruz, Juan"
99,"Francis, Jeff"
100,"Holland, Greg"
101,"Soria, Joakim"
102,"Paulino, Felipe"
103,"Collins, Tim"
104,"Crow, Aaron"
105,"Teaford, Everett"
106,"Mazzaro, Vin"
107,"Wood, Blake"
108,"Lannan, John"
109,"Mattheus, Ryan"
110,"Rodriguez, Henry"
111,"Burnett, Sean"
112,"Marquis, Jason"
113,"Balester, Collin"
114,"Coffey, Todd"
115,"Cassevah, Bobby"
116,"Zimmermann, Jordan"
117,"Kuroda, Hiroki"
118,"MacDougal, Mike"
119,"Guerra, Javy"
120,"Kershaw, Clayton"
121,"Jansen, Kenley"
122,"Kuo, Hong-Chih"
123,"Billingsley, Chad"
124,"Furbush, Charlie"
125,"Oliveros, Lester"
126,"Perry, Ryan"
127,"Coke, Phil"
128,"Verlander, Justin"
129,"Benoit, Joaquin"
130,"Penny, Brad"
131,"Valverde, Jose"
132,"Fister, Doug"
133,"Ray, Chris"
134,"Beavan, Blake"
135,"Wright, Jamey"
136,"Laffey, Aaron"
137,"Pauley, David"
138,"Pineda, Michael"
139,"Hernandez, Felix"
140,"Ogando, Alexi"
141,"Oliver, Darren"
142,"Holland, Derek"
143,"Hunter, Tommy"
144,"Tateyama, Yoshinori"
145,"Wilson, C.J."
146,"Duensing, Brian"
147,"Burnett, Alex"
148,"Capps, Matt"
149,"Baker, Scott"
150,"Swarzak, Anthony"
151,"Ramirez, Horacio"
152,"Perkins, Glen"
153,"Liriano, Francisco"
154,"Dumatrait, Phil"
155,"Mijares, Jose"
156,"Nathan, Joe"
157,"Vargas, Jason"
158,"Lueke, Josh"
159,"Cortes, Dan"
160,"League, Brandon"
161,"Richards, Garrett"
162,"Uehara, Koji"
163,"Lowe, Mark"
164,"Feliz, Neftali"
165,"Williams, Jerome"
166,"Lewis, Colby"
167,"Adams, Mike"
168,"Bergesen, Brad"
169,"Eyre, Willie"
170,"Gregg, Kevin"
171,"Gonzalez, Mike"
172,"Johnson, Jim"
173,"Jakubauskas, Chris"
174,"Patton, Troy"
175,"Matusz, Brian"
176,"Buehrle, Mark"
177,"Stewart, Zach"
178,"Kinney, Josh"
179,"Pavano, Carl"
180,"Hoey, Jim"
181,"Slowey, Kevin"
182,"Vasquez, Anthony"
183,"Kelley, Shawn"
184,"Jimenez, Cesar"
185,"Wilhelmsen, Tom"
186,"Noesi, Hector"
187,"Kontos, George"
188,"Garcia, Freddy"
189,"Wade, Cory"
190,"Soriano, Rafael"
191,"Bailey, Andrew"
192,"Carignan, Andrew"
193,"Harden, Rich"
194,"de los Santos, Fautino"
195,"Hamburger, Mark"
196,"Harrison, Matt"
197,"Kennedy, Ian"
198,"Wood, Travis"
199,"Ondrusek, Logan"
200,"Maloney, Matt"
201,"Bray, Bill"
202,"Heilman, Aaron"
203,"Hudson, Daniel"
204,"Arroyo, Bronson"
205,"Hernandez, David"
206,"Chapman, Aroldis"
207,"Gutierrez, Juan"
208,"Demel, Sam"
209,"Cordero, Francisco"
210,"Saunders, Joe"
211,"Leake, Mike"
212,"Mickolio, Kameron"
213,"Smith, Jordan"
214,"Masset, Nick"
215,"Putz, J.J."
216,"Enright, Barry"
217,"McClellan, Kyle"
218,"Augenstein, Bryan"
219,"Miller, Trever"
220,"Motte, Jason"
221,"Paterson, Joe"
222,"Boggs, Mitchell"
223,"Galarraga, Armando"
224,"Carpenter, Chris"
225,"Tallet, Brian"
226,"Westbrook, Jake"
227,"Vasquez, Esmerling"
228,"Batista, Miguel"
229,"Sanchez, Eduardo"
230,"Cain, Matt"
231,"Affeldt, Jeremy"
232,"Ramirez, Ramon"
233,"Lopez, Javier"
234,"Wilson, Brian"
235,"Zito, Barry"
236,"Mota, Guillermo"
237,"Romo, Sergio"
238,"Bumgarner, Madison"
239,"Runzler, Dan"
240,"Collmenter, Josh"
241,"Lee, Cliff"
242,"Stutes, Michael"
243,"Oswalt, Roy"
244,"Kendrick, Kyle"
245,"Zagurski, Mike"
246,"Herndon, David"
247,"Hamels, Cole"
248,"Bastardo, Antonio"
249,"Madson, Ryan"
250,"Dempster, Ryan"
251,"Berg, Justin"
252,"Samardzija, Jeff"
253,"Grabow, John"
254,"Mateo, Marcos"
255,"Marmol, Carlos"
256,"Zambrano, Carlos"
257,"Wood, Kerry"
258,"Marshall, Sean"
259,"Garza, Matt"
260,"Coleman, Casey"
261,"de la Rosa, Jorge"
262,"Lindstrom, Matt"
263,"Chacin, Jhoulys"
264,"Belisle, Matt"
265,"Reynolds, Matt"
266,"Street, Huston"
267,"Hammel, Jason"
268,"Betancourt, Rafael"
269,"Morales, Franklin"
270,"Richard, Clayton"
271,"Qualls, Chad"
272,"Frieri, Ernesto"
273,"Stauffer, Tim"
274,"Luebke, Cory"
275,"Neshek, Pat"
276,"Teheran, Julio"
277,"Jurrjens, Jair"
278,"Owings, Micah"
279,"Hughes, Dusty"
280,"Volstad, Chris"
281,"Badenhop, Burke"
282,"Choate, Randy"
283,"Webb, Ryan"
284,"Dunn, Michael"
285,"Nunez, Leo"
286,"Kroenke, Zach"
287,"Sanchez, Anibal"
288,"Vazquez, Javier"
289,"Mujica, Edward"
290,"Hensley, Clay"
291,"Duke, Zach"
292,"Storen, Drew"
293,"Maya, Yuniesky"
294,"Slaten, Doug"
295,"Kimball, Cole"
296,"Hernandez, Livan"
297,"Clippard, Tyler"
298,"Casilla, Santiago"
299,"Vogelsong, Ryan"
300,"Bruney, Brian"
301,"Humber, Philip"
302,"Shaw, Bryan"
303,"Tomlin, Josh"
304,"Castillo, Alberto"
305,"Brazoban, Yhency"
306,"Elbert, Scott"
307,"Lilly, Ted"
308,"Hawksworth, Blake"
309,"Wolf, Randy"
310,"Dillard, Tim"
311,"Gallardo, Yovani"
312,"Estrada, Marco"
313,"Loe, Kameron"
314,"Narveson, Chris"
315,"Rodriguez, Francisco"
316,"Saito, Takashi"
317,"Cook, Ryan"
318,"Axford, John"
319,"Greinke, Zack"
320,"Hawkins, LaTroy"
321,"Cook, Aaron"
322,"Brothers, Rex"
323,"Stults, Eric"
324,"Jimenez, Ubaldo"
325,"Guerrier, Matt"
326,"Eovaldi, Nathan"
327,"Lindblom, Josh"
328,"Rodriguez, Wandy"
329,"Fulchino, Jeff"
330,"Wright, Wesley"
331,"Lyles, Jordan"
332,"Lopez, Wilton"
333,"Escalona, Sergio"
334,"Carpenter, David"
335,"Rodriguez, Fernando"
336,"Sosa, Henry"
337,"Rodriguez, Aneury"
338,"Myers, Brett"
339,"Melancon, Mark"
340,"Gee, Dillon"
341,"Igarashi, Ryota"
342,"Byrdak, Tim"
343,"Acosta, Manny"
344,"Pelfrey, Mike"
345,"Carrasco, D.J."
346,"Beato, Pedro"
347,"Parnell, Bobby"
348,"Capuano, Chris"
349,"LeBlanc, Wade"
350,"Bass, Anthony"
351,"Thatcher, Joe"
352,"Harang, Aaron"
353,"Spence, Josh"
354,"Hamren, Erik"
355,"Gregerson, Luke"
356,"Miley, Wade"
357,"Rogers, Esmil"
358,"Roenicke, Josh"
359,"Brach, Brad"
360,"Carpenter, Andrew"
361,"Latos, Mat"
362,"Bell, Heath"
363,"Karstens, Jeff"
364,"Hughes, Jared"
365,"Veras, Jose"
366,"Morton, Charlie"
367,"Leroux, Chris"
368,"Grilli, Jason"
369,"Watson, Tony"
370,"Hanrahan, Joel"
371,"Ohlendorf, Ross"
372,"Moskos, Daniel"
373,"McCutchen, Daniel"
374,"Meek, Evan"
375,"Resop, Chris"
376,"Surkamp, Eric"
377,"Joaquin, Waldis"
378,"Edlefsen, Steve"
379,"Lincecum, Tim"
380,"Eveland, Dana"
381,"Parker, Jarrod"
382,"Ely, John"
383,"Troncoso, Ramon"
384,"Romero, J.C."
385,"Beachy, Brandon"
386,"Baez, Danys"
387,"Contreras, Jose"
388,"Sanches, Brian"
389,"Moylan, Peter"
390,"Johnson, Josh"
391,"Nolasco, Ricky"
392,"Misch, Pat"
393,"Buchholz, Taylor"
394,"Dickey, R.A."
395,"Isringhausen, Jason"
396,"Gearrin, Cory"
397,"Salas, Fernando"
398,"Garcia, Jaime"
399,"Franklin, Ryan"
400,"Kintzler, Brandon"
401,"Braddock, Zach"
402,"Green, Sean"
403,"Stetter, Mitch"
404,"Mitre, Sergio"
405,"Marcum, Shaun"
406,"Worley, Vance"
407,"Blanton, Joe"
408,"Halladay, Roy"
409,"Abad, Fernando"
410,"Horst, Jeremy"
411,"Arredondo, Jose"
412,"Fisher, Carlos"
413,"Cueto, Johnny"
414,"Minor, Mike"
415,"Niese, Jon"
416,"Delgado, Randall"
417,"Rhodes, Arthur"
418,"Kirkman, Michael"
419,"Bush, David"
420,"Romero, Ricky"
421,"Perez, Luis"
422,"Guthrie, Jeremy"
423,"Viola, Pedro"
424,"Berken, Jason"
425,"Arrieta, Jake"
426,"Britton, Zach"
427,"Nicasio, Juan"
428,"Detwiler, Ross"
429,"Gorzelanny, Tom"
430,"McDonald, James"
431,"Beimel, Joe"
432,"Maholm, Paul"
433,"Correia, Kevin"
434,"Varvaro, Anthony"
435,"Cishek, Steve"
436,"Ortiz, Ramon"
437,"Vizcaino, Arodys"
438,"Russell, James"
439,"Wells, Randy"
440,"Sanchez, Jonathan"
441,"Wang, Chien-Ming"
442,"Hand, Brad"
443,"Hatcher, Chris"
444,"Stinson, Josh"
445,"Herrera, Danny"
446,"Savery, Joe"
447,"Lidge, Brad"
448,"Medlen, Kris"
449,"Schwimer, Michael"
450,"De Fratus, Justin"
451,"Porcello, Rick"
452,"Villarreal, Brayan"
453,"Rupe, Josh"
454,"Tillman, Chris"
455,"Accardo, Jeremy"
456,"Thomas, Brad"
457,"Gonzalez, Enrique"
458,"Schlereth, Daniel"
459,"Tobin, Mason"
460,"Strop, Pedro"
461,"O'Day, Darren"
462,"Rapada, Clay"
463,"Hacker, Eric"
464,"Blackburn, Nick"
465,"Carlyle, Buddy"
466,"Buchholz, Clay"
467,"Okajima, Hideki"
468,"Wakefield, Tim"
469,"Gomes, Brandon"
470,"Hellickson, Jeremy"
471,"Russell, Adam"
472,"Davis, Wade"
473,"Delaney, Rob"
474,"Sanit, Amauri"
475,"Duffy, Danny"
476,"Coleman, Louis"
477,"Simon, Alfredo"
478,"Hochevar, Luke"
479,"Tejeda, Rob"
480,"Janssen, Casey"
481,"Cramer, Bobby"
482,"Sonnanstine, Andy"
483,"Volquez, Edinson"
484,"LeCure, Sam"
485,"Bailey, Homer"
486,"Lohse, Kyle"
487,"Lynn, Lance"
488,"Hendrickson, Mark"
489,"Atkins, Mitch"
490,"Gomez, Jeanmar"
491,"Worrell, Mark"
492,"Williams, Randy"
493,"Weiland, Kyle"
494,"Aceves, Alfredo"
495,"Miller, Andrew"
496,"Mills, Brad"
497,"Litsch, Jesse"
498,"Francisco, Frank"
499,"Morrow, Brandon"
500,"Floyd, Gavin"
501,"Scherzer, Max"
502,"Burnett, A.J."
503,"Carreno, Joel"
504,"Alvarez, Henderson"
505,"Phillips, Zach"
506,"Lewis, Rommie"
507,"van den Hurk, Rick"
508,"Niemann, Jeff"
509,"Moore, Matt"
510,"de la Rosa, Dane"
511,"Bedard, Erik"
512,"Hughes, Phil"
513,"Doubront, Felix"
514,"Atchison, Scott"
515,"Hill, Rich"
516,"Alburquerque, Al"
517,"Davis, Doug"
518,"Maine, Scott"
519,"Bowden, Michael"
520,"Hottovy, Tommy"
521,"DiFelice, Mark"
522,"Scribner, Evan"
523,"Davies, Kyle"
524,"Adcock, Nathan"
525,"Maier, Mitch"
526,"Chen, Bruce"
527,"Huff, David"
528,"McDonald, Darnell"
529,"Godfrey, Graham"
530,"Valdez, Merkin"
531,"Farquhar, Danny"
532,"Beck, Chad"
533,"Tazawa, Junichi"
534,"McGee, Jake"
535,"Torres, Alex"
536,"Pena, Tony"
537,"Braden, Dallas"
538,"Eppley, Cody"
539,"Garland, Jon"
540,"Cormier, Lance"
541,"Oliver, Andy"
542,"Harrell, Lucas"
543,"Lopez, Rodrigo"
544,"Carpenter, Chris"
545,"Santiago, Hector"
546,"Below, Duane"
547,"Ruffin, Chance"
548,"Feldman, Scott"
549,"Diamond, Scott"
550,"Judy, Josh"
551,"Reed, Addison"
552,"Lindsay, Shane"
553,"Hagadone, Nick"
554,"Axelrod, Dylan"
555,"Mendoza, Luis"
556,"McGowan, Dustin"
557,"Olson, Garrett"
558,"Crotta, Michael"
559,"Cashner, Andrew"
560,"Moseley, Dustin"
561,"Stevens, Jeff"
562,"Padilla, Vicente"
563,"Broxton, Jonathan"
564,"O'Connor, Mike"
565,"Del Rosario, Enerio"
566,"Marquez, Jeffrey"
567,"Mortensen, Clayton"
568,"Norris, Bud"
569,"Burres, Brian"
570,"Willis, Dontrelle"
571,"Cedeno, Xavier"
572,"Fiers, Michael"
573,"Happ, J.A."
574,"Lyon, Brandon"
575,"Figueroa, Nelson"
576,"Reineke, Chad"
577,"Gordon, Brian"
578,"Valdes, Raul"
579,"Walters, P.J."
580,"Millwood, Kevin"
581,"Burton, Jared"
582,"Gaub, John"
583,"de la Cruz, Eulogio"
584,"Abreu, Juan"
585,"Reyes, Dennys"
586,"Jeffress, Jeremy"
587,"James, Chuck"
588,"Wood, Tim"
589,"Pendleton, Lance"
590,"McAllister, Zach"
591,"Wagner, Neil"
592,"Kluber, Corey"
593,"Putnam, Zach"
594,"Waldrop, Kyle"
595,"Hendriks, Liam"
596,"Johnson, Alan"
597,"Reynolds, Greg"
598,"Daley, Matt"
599,"Billings, Bruce"
600,"de la Rosa, Rubby"
601,"Wilk, Adam"
602,"Escalona, Edgmer"
603,"Ceda, Jose"
604,"Miller, Jim"
605,"Pomeranz, Drew"
606,"Texeira, Kanekoa"
607,"Weinhardt, Robbie"
608,"Slama, Anthony"
609,"Kelly, Don"
610,"Turner, Jacob"
611,"Marte, Luis"
612,"Boyer, Blaine"
613,"Gaudin, Chad"
614,"Broderick, Brian"
615,"Buente, Jay"
616,"McClendon, Mike"
617,"Mathieson, Scott"
618,"Petersen, Bryan"
619,"Rosario, Sandy"
620,"Milone, Tom"
621,"Stammen, Craig"
622,"Severino, Atahualpa"
623,"Strasburg, Stephen"
624,"Valdez, Jose"
625,"Kazmir, Scott"
626,"O'Sullivan, Sean"
627,"Chavez, Jesse"
628,"Herrera, Kelvin"
629,"Locke, Jeff"
630,"Thompson, Aaron"
631,"Lincoln, Brad"
632,"Ascanio, Jose"
633,"Thayer, Dale"
634,"Dickson, Brandon"
635,"Sanabia, Alex"
636,"Manship, Jeff"
637,"Delabar, Steve"
638,"Whelan, Kevin"
639,"Garrison, Steve"
640,"Norberto, Jordan"
641,"Brackman, Andrew"
642,"Betances, Dellin"
643,"Young, Chris"
644,"Perez, Juan"
645,"Schwinden, Chris"
646,"Peacock, Brad"
647,"Tucker, Ryan"
648,"Tomko, Brett"
649,"Magnuson, Trystan"
650,"Valdez, Wilson"
651,"Thompson, Daryl"
652,"Villanueva, Elih"
653,"Deduno, Samuel"
654,"Dolis, Rafael"
655,"Ekstrom, Mike"
656,"Cleto, Maikel"
657,"Gonzalez, Edgar"
658,"Schumaker, Skip"
659,"Ledezma, Wil"
660,"Cuddyer, Michael"
661,"McCoy, Mike"
662,"Carpenter, David"
663,"Chen, Wei-Yin"
664,"Hutchison, Drew"
665,"Jones, Nate"
666,"Phelps, David"
667,"Pettitte, Andy"
668,"Darvish, Yu"
669,"Iwakuma, Hisashi"
670,"Pryor, Stephen"
671,"Loux, Shane"
672,"Belisario, Ronald"
673,"Tolleson, Shawn"
674,"Gonzalez, Miguel"
675,"Scheppers, Tanner"
676,"Ross, Robbie"
677,"Smith, Will"
678,"Seddon, Chris"
679,"Allen, Cody"
680,"Geltz, Steve"
681,"Putkonen, Luke"
682,"Maronde, Nick"
683,"Straily, Dan"
684,"Doolittle, Sean"
685,"Griffin, A.J."
686,"Font, Wilmer"
687,"Grimm, Justin"
688,"Omogrosso, Brian"
689,"Heath, Deunte"
690,"Quintana, Jose"
691,"Ramirez, Erasmo"
692,"Capps, Carter"
693,"Perez, Oliver"
694,"Taylor, Andrew"
695,"Otero, Dan"
696,"Albaladejo, Jonathan"
697,"Martinez, Joe"
698,"Marte, Victor"
699,"Corbin, Patrick"
700,"Friedrich, Christian"
701,"Ottavino, Adam"
702,"Blackley, Travis"
703,"Luetge, Lucas"
704,"Corpas, Manuel"
705,"Bauer, Trevor"
706,"Vincent, Nick"
707,"Cruz, Rhiner"
708,"Keuchel, Dallas"
709,"Torres, Carlos"
710,"Cabrera, Edwar"
711,"Harvey, Matt"
712,"Edgin, Josh"
713,"Ramirez, Elvin"
714,"Skaggs, Tyler"
715,"Layne, Tom"
716,"Burns, Cory"
717,"Hoover, J.J."
718,"Rodriguez, Paco"
719,"Machi, Jean"
720,"Boxberger, Brad"
721,"Chapman, Jaye"
722,"Beliveau, Jeff"
723,"Castillo, Lendy"
724,"Rusin, Chris"
725,"Parra, Manny"
726,"Santana, Johan"
727,"Avilan, Luis"
728,"Sheets, Ben"
729,"Diekman, Jake"
730,"Jennings, Dan"
731,"Storey, Mickey"
732,"Mikolas, Miles"
733,"Aumont, Phillippe"
734,"Rosenberg, B.J."
735,"Harris, Will"
736,"Garcia, Christian"
737,"Ramos, A.J."
738,"Koehler, Tom"
739,"Hampson, Justin"
740,"Mejia, Jenrry"
741,"McHugh, Collin"
742,"Crawford, Evan"
743,"Figueroa, Pedro"
744,"Pomeranz, Stuart"
745,"Downs, Darin"
746,"Socolovich, Miguel"
747,"Johnson, Steve"
748,"Bueno, Francisley"
749,"Loup, Aaron"
750,"Jenkins, Chad"
751,"Veal, Donnie"
752,"Thomas, Justin"
753,"Archer, Chris"
754,"Bundy, Dylan"
755,"Davis, Chris"
756,"Smyly, Drew"
757,"Mitchell, D.J."
758,"Septimo, Leyson"
759,"Hernandez, Pedro"
760,"Fien, Casey"
761,"Robertson, Tyler"
762,"De Vries, Cole"
763,"Perdomo, Luis"
764,"Wise, Dewayne"
765,"Marinez, Jhan"
766,"Wainwright, Adam"
767,"Parker, Blake"
768,"Suppan, Jeff"
769,"Hinshaw, Alex"
770,"Hefner, Jeremy"
771,"Browning, Barret"
772,"Kelly, Joe"
773,"Rosenthal, Trevor"
774,"Cabrera, Alberto"
775,"Raley, Brooks"
776,"Fick, Chuckie"
777,"Henderson, Jim"
778,"Mather, Joe"
779,"Wilson, Justin"
780,"McPherson, Kyle"
781,"Morris, Bryan"
782,"Miller, Shelby"
783,"Freeman, Sam"
784,"Ambriz, Hector"
785,"Moyer, Jamie"
786,"Ortega, Jose"
787,"Barnes, Scott"
788,"Wells, Kip"
789,"Redmond, Todd"
790,"Cloyd, Tyler"
791,"Villarreal, Pedro"
792,"Cingrani, Tony"
793,"Fife, Stephen"
794,"Wall, Josh"
795,"Peralta, Wily"
796,"Odorizzi, Jake"
797,"Rogers, Mark"
798,"Kelly, Casey"
799,"Scahill, Rob"
800,"Weber, Thad"
801,"Crosby, Casey"
802,"Chulk, Vinnie"
803,"Bogusevic, Brian"
804,"Colon, Roman"
805,"Verdugo, Ryan"
806,"Wieland, Joe"
807,"Werner, Andrew"
808,"Coello, Robert"
809,"Familia, Jeurys"
810,"Butera, Drew"
811,"Thornburg, Tyler"
812,"Carson, Robert"
813,"Warren, Adam"
814,"Dyson, Sam"
815,"Egbert, Jack"
816,"Gentry, Craig"
817,"Perez, Martin"
818,"Petit, Yusmeiro"
819,"Mathis, Jeff"
820,"Johnson, Rob"
821,"Aardsma, David"
822,"Korecky, Bobby"
823,"Hill, Shawn"
824,"Brummett, Tyson"
825,"Roth, Michael"
826,"Ortiz, Joe"
827,"Brasier, Ryan"
828,"Maurer, Brandon"
829,"Medina, Yoervis"
830,"Clemens, Paul"
831,"Cisnero, Jose"
832,"Fields, Josh"
833,"Rondon, Hector"
834,"Bootcheck, Chris"
835,"Bonderman, Jeremy"
836,"Cole, Gerrit"
837,"Buckner, Billy"
838,"Reid, Ryan"
839,"Welker, Duke"
840,"Blazek, Michael"
841,"Siegrist, Kevin"
842,"Butler, Keith"
843,"Wilson, Alex"
844,"Gray, Sonny"
845,"Gibson, Kyle"
846,"Stange, Daniel"
847,"Cotts, Neal"
848,"Wolf, Ross"
849,"Boshers, Buddy"
850,"Zeid, Josh"
851,"Chapman, Kevin"
852,"Lo, Chia-Jen"
853,"Oberholtzer, Brett"
854,"Salazar, Danny"
855,"Rasmus, Cory"
856,"Fuld, Sam"
857,"Tepesch, Nick"
858,"Shoemaker, Matt"
859,"LaFromboise, Bobby"
860,"Ryu, Hyun-Jin"
861,"Fernandez, Jose"
862,"Spruill, Zeke"
863,"Partch, Curtis"
864,"Brewer, Charles"
865,"Dominguez, Jose"
866,"Withrow, Chris"
867,"Hand, Donovan"
868,"de la Rosa, Eury"
869,"Hynes, Colt"
870,"Feliciano, Pedro"
871,"Germen, Gonzalez"
872,"Rice, Scott"
873,"Wheeler, Zack"
874,"McFarland, T.J."
875,"Holmberg, David"
876,"Roe, Chaz"
877,"Erlin, Robbie"
878,"Kickham, Mike"
879,"Bettis, Chad"
880,"Langwell, Matt"
881,"Roark, Tanner"
882,"Fujikawa, Kyuji"
883,"Magill, Matt"
884,"Pressly, Ryan"
885,"Thielbar, Caleb"
886,"Wood, Alex"
887,"Karns, Nathan"
888,"Davis, Erik"
889,"Dunning, Jake"
890,"Maness, Seth"
891,"Ames, Steve"
892,"Martin, Ethan"
893,"Garcia, Luis"
894,"Miner, Zach"
895,"Jordan, Taylor"
896,"Krol, Ian"
897,"Black, Vic"
898,"Hale, David"
899,"Smith, Burch"
900,"Wooten, Rob"
901,"Robles, Mauricio"
902,"Ramirez, J.C."
903,"Claiborne, Preston"
904,"Nuno, Vidal"
905,"Gausman, Kevin"
906,"Britton, Drake"
907,"de la Torre, Jose"
908,"Petricka, Jake"
909,"Webb, Daniel"
910,"Rienzo, Andre"
911,"Cabral, Cesar"
912,"Belfiore, Mike"
913,"Workman, Brandon"
914,"Webster, Allen"
915,"Wright, Steven"
916,"Murphy, David"
917,"Leesman, Charlie"
918,"Rondon, Bruce"
919,"Reed, Evan"
920,"Wells, Casper"
921,"Martinez, David"
922,"Cosart, Jarred"
923,"Alvarez, Jose"
924,"Johnson, Erik"
925,"Guilmet, Preston"
926,"Lee, C.C."
927,"Tonkin, Michael"
928,"Ventura, Yordano"
929,"Dwyer, Chris"
930,"Figaro, Alfredo"
931,"Burke, Greg"
932,"Martinez, Carlos"
933,"Wacha, Michael"
934,"Rosscup, Zac"
935,"Flynn, Brian"
936,"Caminero, Arquimedes"
937,"Nelson, Jimmy"
938,"Hellweg, Johnny"
939,"Lim, Chang-Yong"
940,"Freeman, Justin"
941,"Maine, John"
942,"Burgos, Hiram"
943,"Lyons, Tyler"
944,"Cumpton, Brandon"
945,"Christiani, Nick"
946,"Henn, Sean"
947,"Pimentel, Stolmy"
948,"Joseph, Donnie"
949,"Raburn, Ryan"
950,"de Leon, Jorge"
951,"Pettibone, Jonathan"
952,"Harrison, Josh"
953,"Castro, Simon"
954,"Albers, Andrew"
955,"Paxton, James"
956,"Walker, Taijuan"
957,"Marshall, Brett"
958,"Carroll, Jamey"
959,"Gast, John"
960,"Garcia, Onelki"
961,"Hembree, Heath"
962,"Colome, Alex"
963,"Olmos, Edgar"
964,"Martis, Shairon"
965,"Gonzalez, Alberto"
966,"Recker, Anthony"
967,"McDonald, John"
968,"Irwin, Phil"
969,"Johnson, Kris"
970,"Clark, Zach"
971,"Romero, Enny"
972,"Elmore, Jake"
973,"Nolin, Sean"
974,"Kensing, Logan"
975,"Herrera, Yoslan"
976,"Morin, Mike"
977,"Poreda, Aaron"
978,"Martinez, Nick"
979,"Carroll, Scott"
980,"Bedrosian, Cam"
981,"Rowen, Ben"
982,"Pino, Yohan"
983,"Stroman, Marcus"
984,"Leone, Dominic"
985,"Hardy, Blaine"
986,"Baez, Pedro"
987,"Hollands, Mario"
988,"Giles, Ken"
989,"Foltynewicz, Mike"
990,"Diaz, Jairo"
991,"Buchanan, Jake"
992,"Elias, Roenis"
993,"Smith, Carson"
994,"Bonilla, Lisalverto"
995,"Rucinski, Drew"
996,"Klein, Phil"
997,"Edwards, Jon"
998,"Claudio, Alex"
999,"Patton, Spencer"
1000,"Mendez, Roman"
1001,"Schultz, Bo"
1002,"Rowland-Smith, Ryan"
1003,"Bolsinger, Mike"
1004,"Kahnle, Tommy"
1005,"Martin, Chris"
1006,"Marshall, Evan"
1007,"Barrett, Aaron"
1008,"Anderson, Chase"
1009,"Quackenbush, Kevin"
1010,"Roach, Donn"
1011,"Simmons, Shae"
1012,"Stites, Matt"
1013,"Crockett, Kyle"
1014,"Schlitter, Brian"
1015,"Ramirez, Neil"
1016,"Knebel, Corey"
1017,"Matzek, Tyler"
1018,"Despaigne, Odrisamer"
1019,"Garces, Frank"
1020,"Bergman, Christian"
1021,"Brown, Brooks"
1022,"Alvarez, R.J."
1023,"Campos, Leonel"
1024,"Cordier, Erik"
1025,"Chafin, Andrew"
1026,"Gonzales, Marco"
1027,"Greenwood, Nick"
1028,"Schlosser, Gus"
1029,"Thomas, Ian"
1030,"Treinen, Blake"
1031,"Wang, Wei-Chung"
1032,"Overbay, Lyle"
1033,"deGrom, Jacob"
1034,"Shreve, Chasen"
1035,"Hahn, Jesse"
1036,"Lane, Jason"
1037,"Jaime, Juan"
1038,"Frias, Carlos"
1039,"Buchanan, David"
1040,"Gonzalez, Miguel"
1041,"Goeddel, Erik"
1042,"Holdzkom, John"
1043,"Sadler, Casey"
1044,"Miller, Justin"
1045,"House, TJ"
1046,"Yates, Kirby"
1047,"Greene, Shane"
1048,"Whitley, Chase"
1049,"May, Trevor"
1050,"Dennick, Ryan"
1051,"Contreras, Carlos"
1052,"Diaz, Jumbo"
1053,"Mitchell, Bryan"
1054,"Graveman, Kendall"
1055,"Norris, Daniel"
1056,"Sanchez, Aaron"
1057,"Rosin, Seth"
1058,"Tanaka, Masahiro"
1059,"Carp, Mike"
1060,"Ray, Robbie"
1061,"Rasmussen, Rob"
1062,"Ranaudo, Anthony"
1063,"Barnes, Matt"
1064,"Escobar, Edwin"
1065,"Riefenhauser, C.J."
1066,"Garcia, Leury"
1067,"Mariot, Michael"
1068,"Thompson, Taylor"
1069,"Darnell, Logan"
1070,"Dunn, Adam"
1071,"McCoy, Pat"
1072,"Bassitt, Chris"
1073,"Ryan, Kyle"
1074,"Snodgress, Scott"
1075,"Finnegan, Brandon"
1076,"Hill, Taylor"
1077,"Beeler, Dallas"
1078,"Hendricks, Kyle"
1079,"Wada, Tsuyoshi"
1080,"Flande, Yohan"
1081,"Baker, John"
1082,"Jokisch, Eric"
1083,"Corcino, Daniel"
1084,"Coulombe, Daniel"
1085,"DeSclafani, Anthony"
1086,"Tuivailala, Sam"
1087,"Smith, Chad"
1088,"Adams, Austin"
1089,"Price, Bryan"
1090,"Lobstein, Kyle"
1091,"Achter, A.J."
1092,"Moreland, Mitch"
1093,"Butler, Eddie"
1094,"Strickland, Hunter"
1095,"Garcia, Yimi"
1096,"Worth, Danny"
1097,"VerHagen, Drew"
1098,"Farmer, Buck"
1099,"Mercedes, Melvin"
1100,"Tropeano, Nick"
1101,"Marks, Justin"
1102,"Brooks, Aaron"
1103,"Rodriguez, Wilking"
1104,"Ramirez, Jose"
1105,"Fornataro, Eric"
1106,"Rondon, Jorge"
1107,"Montero, Rafael"
1108,"Heston, Chris"
1109,"Heaney, Andrew"
1110,"Hagens, Bradin"
1111,"Alvarez, Dario"
1112,"Patterson, Red"
1113,"Romine, Andrew"
1114,"Feierabend, Ryan"
1115,"Grube, Jarrett"
1116,"Neris, Hector"
1117,"Snider, Travis"
1118,"Bochy, Brett"
1119,"Owens, Rudy"
1120,"Maldonado, Martin"
1121,"Descalso, Daniel"
1122,"Anna, Dean"
1123,"West, Matt"
1124,"Gimenez, Chris"
1125,"Arencibia, J.P."
1126,"Tolleson, Steven"
1127,"Buchter, Ryan"
1128,"Davis, Ike"
1129,"Leon, Arnold"
1130,"Kela, Keone"
1131,"Roberts, Ken"
1132,"Oberg, Scott"
1133,"Nesbitt, Angel"
1134,"Bellatti, Andrew"
1135,"Ibarra, Edgar"
1136,"Gott, Trevor"
1137,"McCullers, Lance"
1138,"Rumbelow, NIck"
1139,"Rodriguez, Eduardo"
1140,"Ramirez, Noe"
1141,"O'Rourke, Ryan"
1142,"Garcia, Jason"
1143,"Rodon, Carlos"
1144,"Osuna, Roberto"
1145,"Jackson, Luke"
1146,"Faulkner, Andrew"
1147,"Velasquez, Vincent"
1148,"Zych, Tony"
1149,"Guaipe, Mayckol"
1150,"Venditte, Pat"
1151,"Martin, Cody"
1152,"Dull, Ryan"
1153,"Bradley, Archie"
1154,"Schueler, A.J."
1155,"Verrett, Logan"
1156,"Burgos, Enrique"
1157,"Solis, Sammy"
1158,"Grace, Matt"
1159,"Robinson, Clint"
1160,"Cunniff, Brandon"
1161,"Gilmartin, Sean"
1162,"Robles, Hansel"
1163,"Leathersich, Jack"
1164,"Liberatore, Adam"
1165,"Osich, Josh"
1166,"Godley, Zack"
1167,"Goforth, David"
1168,"Jungmann, Taylor"
1169,"Iglesias, Raisel"
1170,"Sampson, Keyvius"
1171,"Hessler, Keith"
1172,"Loewen, Adam"
1173,"Araujo, Elvis"
1174,"Nola, Aaron"
1175,"Bracho, Silvino"
1176,"Broadway, Mike"
1177,"Jackson, Jay"
1178,"Feliz, Michael"
1179,"McKirahan, Andrew"
1180,"Marimon, Sugar Ray"
1181,"Urena, Jose"
1182,"Martin, Rafael"
1183,"Cole, A.J."
1184,"Cornely, John"
1185,"Perez, Williams"
1186,"Wisler, Matt"
1187,"Syndergaard, Noah"
1188,"Brigham, Jake"
1189,"Kelly, Ryan"
1190,"Rivero, Felipe"
1191,"Banuelos, Manny"
1192,"Morgan, Adam"
1193,"Tsao, Chin-hui"
1194,"Marksberry, Matt"
1195,"Conley, Adam"
1196,"Ellington, Brian"
1197,"Flores, Kendry"
1198,"Barraclough, Kyle"
1199,"Gomes, Jonny"
1200,"Severino, Luis"
1201,"Pinder, Branden"
1202,"Nicolino, Justin"
1203,"Burawa, Danny"
1204,"Matz, Steven"
1205,"Weber, Ryan"
1206,"Tepera, Ryan"
1207,"Hinojosa, Dalier"
1208,"Eickhoff, Jerad"
1209,"Castro, Miguel"
1210,"Wright, Mike"
1211,"Wilson, Tyler"
1212,"Drake, Oliver"
1213,"Beck, Chris"
1214,"Lindgren, Jacob"
1215,"Francoeur, Jeff"
1216,"Murata, Toru"
1217,"Givens, Mychal"
1218,"Valdez, Jose"
1219,"Duffey, Tyler"
1220,"Graham, J.R."
1221,"Andriese, Matt"
1222,"Almonte, Miguel"
1223,"Aro, Jonathan"
1224,"Owens, Henry"
1225,"Goody, Nick"
1226,"Pazos, James"
1227,"Cotham, Caleb"
1228,"Montgomery, Mike"
1229,"Rollins, David"
1230,"Sucre, Jesus"
1231,"Murray, Colton"
1232,"Asher, Alec"
1233,"Lorenzen, Michael"
1234,"LaRoche, Adam"
1235,"Moreno, Diego"
1236,"Soto, Giovanni"
1237,"Montas, Frankie"
1238,"Ramirez, Alexei"
1239,"Ferrell, Jeff"
1240,"Rearick, Chris"
1241,"Liz, Radhames"
1242,"Harris, Mitch"
1243,"Hatley, Marcus"
1244,"Cooney, Tim"
1245,"Ross, David"
1246,"Cravy, Tyler"
1247,"Boyd, Matt"
1248,"Denorfia, Chris"
1249,"Davies, Zach"
1250,"Edwards, Carl"
1251,"Moscot, Jon"
1252,"Meyer, Alex"
1253,"Smith, Josh"
1254,"Guerra, Deolis"
1255,"Decker, Jaff"
1256,"Lamb, John"
1257,"Knudson, Guido"
1258,"Pena, Ariel"
1259,"Copeland, Scott"
1260,"Anderson, Cody"
1261,"Robinson, Shane"
1262,"Armstrong, Shawn"
1263,"Gonzalez, Severino"
1264,"Ravin, Josh"
1265,"Gray, Jon"
1266,"Gurka, Jason"
1267,"Hall, Cody"
1268,"Wojciechowski, Asher"
1269,"Olson, Tyler"
1270,"Castro, Angel"
1271,"Johnson, Brian"
1272,"Gonzalez, Chi Chi"
1273,"Alexander, Scott"
1274,"Ross, Joe"
1275,"Reed, Chris"
1276,"McGough, Scott"
1277,"Lazo, Raudel"
1278,"Winkler, Daniel"
1279,"Wagner, Tyler"
1280,"Houser, Adrian"
1281,"Lopez, Jorge"
1282,"Barrios, Yhonathan"
1283,"Guerra, Junior"
1284,"Tracy, Matt"
1285,"Jones, Garrett"
1286,"Wilson, Josh"
1287,"De Paula, Jose"
1288,"Ryan, Brendan"
1289,"Lee, Zach"
1290,"Mazzoni, Cory"
1291,"Amarista, Alexi"
1292,"Rea, Colin"
1293,"Ogando, Nefi"
1294,"Suzuki, Ichiro"
1295,"de los Santos, Abel"
1296,"Franklin, Nick"
1297,"Rosales, Adam"
1298,"Morris, Akeel"
1299,"Moore, Tyler"
1300,"Barnette, Tony"
1301,"Mahle, Greg"
1302,"Oh, Seung Hwan"
1303,"Stripling, Ross"
1304,"Devenski, Chris"
1305,"Saupold, Warwick"
1306,"Fulmer, Michael"
1307,"Rogers, Taylor"
1308,"Overton, Dillon"
1309,"Ynoa, Michael"
1310,"Fulmer, Carson"
1311,"Bush, Matt"
1312,"Manaea, Sean"
1313,"Triggs, Andrew"
1314,"Neal, Zach"
1315,"Diaz, Edwin"
1316,"Miranda, Ariel"
1317,"Cessa, Luis"
1318,"Green, Chad"
1319,"Adleman, Tim"
1320,"Ege, Cody"
1321,"Wright, Daniel"
1322,"Altavilla, Dan"
1323,"Biagini, Joe"
1324,"Barnes, Danny"
1325,"Mengden, Daniel"
1326,"Smith, Chris"
1327,"Gustave, Jandel"
1328,"Paulino, David"
1329,"Rodgers, Brady"
1330,"Hoyt, James"
1331,"Barrett, Jake"
1332,"Buschmann, Matt"
1333,"Bowman, Matt"
1334,"Estevez, Carlos"
1335,"Curtis, Zac"
1336,"Law, Derek"
1337,"Mullee, Conor"
1338,"Perdomo, Luis"
1339,"Vargas, Cesar"
1340,"Sturdevant, Tyler"
1341,"Garton, Ryan"
1342,"Wittgren, Nick"
1343,"Maeda, Kenta"
1344,"Ramos, Edubray"
1345,"Eflin, Zach"
1346,"Suarez, Albert"
1347,"Hathaway, Steve"
1348,"Shipley, Braden"
1349,"Lugo, Seth"
1350,"Ynoa, Gabriel"
1351,"Younginer, Madison"
1352,"Gant, John"
1353,"Whalen, Rob"
1354,"Cabrera, Mauricio"
1355,"Campos, Vicente"
1356,"Koch, Matt"
1357,"Anderson, Tyler"
1358,"Carasiti, Matt"
1359,"Marquez, German"
1360,"Hoffman, Jeff"
1361,"Dayton, Grant"
1362,"Stewart, Brock"
1363,"De Leon, Jose"
1364,"Cervenka, Hunter"
1365,"Blair, Aaron"
1366,"Light, Pat"
1367,"Stratton, Chris"
1368,"Morris, A.J."
1369,"Diaz, Dayan"
1370,"Jenkins, Tyrell"
1371,"de la Cruz, Joel"
1372,"Hursh, Jason"
1373,"Lopez, Reynaldo"
1374,"Glover, Koda"
1375,"Gsellman, Robert"
1376,"Smoker, Josh"
1377,"Bradley, Jed"
1378,"Brice, Austin"
1379,"Esch, Jake"
1380,"Rodriguez, Joely"
1381,"Barbato, Johnny"
1382,"Wendelken, J.B."
1383,"Phegley, Josh"
1384,"Tolliver, Ashur"
1385,"Bleier, Richard"
1386,"Girodo, Chad"
1387,"Musgrove, Joe"
1388,"White, Tyler"
1389,"Hart, Donnie"
1390,"Flaherty, Ryan"
1391,"Bridwell, Parker"
1392,"Holder, Jonathan"
1393,"Snell, Blake"
1394,"Aquino, Jayson"
1395,"Scott, Robby"
1396,"Cuevas, William"
1397,"Sampson, Adrian"
1398,"Purke, Matt"
1399,"LaMarre, Ryan"
1400,"Leclerc, Jose"
1401,"Floro, Dylan"
1402,"Strahm, Matt"
1403,"Heller, Ben"
1404,"Clevinger, Mike"
1405,"Shuck, J.B."
1406,"Danish, Tyler"
1407,"Thompson, Jake"
1408,"McCarthy, Kevin"
1409,"Minaya, Juan"
1410,"Smith, Blake"
1411,"Garner, Perci"
1412,"Merritt, Ryan"
1413,"Colon, Joseph"
1414,"Gamboa, Eddie"
1415,"Dean, Pat"
1416,"Chargois, J.T."
1417,"Berrios, Jose"
1418,"Wimmers, Alex"
1419,"Urias, Julio"
1420,"Taillon, Jameson"
1421,"Concepcion, Gerardo"
1422,"Reed, Cody"
1423,"Sardinas, Luis"
1424,"Weaver, Luke"
1425,"Reyes, Alex"
1426,"Magnifico, Damien"
1427,"Brault, Steven"
1428,"Pena, Felix"
1429,"Zastryzny, Rob"
1430,"Kuhl, Chad"
1431,"Okert, Steven"
1432,"Barnes, Jacob"
1433,"Suter, Brent"
1434,"Peralta, Wandy"
1435,"Stephenson, Robert"
1436,"Kiekhefer, Dean"
1437,"Stumpf, Daniel"
1438,"Melville, Tim"
1439,"Hayes, Drew"
1440,"Holt, Tyler"
1441,"Glasnow, Tyler"
1442,"Williams, Trevor"
1443,"Somsen, Layne"
1444,"Molleken, Dustin"
1445,"Mantiply, Joe"
1446,"Plutko, Adam"
1447,"Blach, Ty"
1448,"Smith, Jake"
1449,"Ladendorf, Tyler"
1450,"Mills, Alec"
1451,"Pounders, Brooks"
1452,"Mejia, Adalberto"
1453,"Cotton, Jharel"
1454,"Boscan, Wilfredo"
1455,"Schuster, Patrick"
1456,"Holaday, Bryan"
1457,"Escobar, Eduardo"
1458,"Morimando, Shawn"
1459,"Montero, Miguel"
1460,"Giolito, Lucas"
1461,"Baumann, Buddy"
1462,"Alcantara, Raul"
1463,"Kratz, Erik"
1464,"Marte, Kelvin"
1465,"Mayers, Mike"
1466,"Guerrero, Tayron"
1467,"Bethancourt, Christian"
1468,"Torres, Jose"
1469,"Mendez, Yohander"
1470,"Tejada, Ruben"
1471,"Motter, Taylor"
1472,"Dermody, Matt"
1473,"Hoying, Jared"
1474,"Antolin, Dustin"
1475,"Goins, Ryan"
1476,"Barney, Darwin"
